[
    {
        "Id": 1,
        "Title": "Sourdough Bread",
        "Categories": null,
        "IsFavorite": false,
        "Rating": 0,
        "Source": "Breadtopia",
        "MainImagePath": "IMG_1594856610006.JPG",
        "Ingredients": "142g whole wheat flour\n312g white bread flour\n8g salt\n354g purified water\n80g starter",
        "Instructions": "Mix together the dry ingredients.\n\nDissolve starter into purified water\n\nAdd water and starter to dry ingredients and stir until the water is incorporated.\n\nStretch and fold the dough onto itself 3 times and let it rest covered for 15min.\n\nPerform another set of stretching and folding and let it rest covered for another 15min.\n\nPerform one last set of stretching and folding, cover well, and let it bulk ferment for about 10 hours.\n\nTransfer to well floured proofing basket. Cover with towel and let rise about 1 1/2 hours.\n\nBake in covered La Cloche or Dutch oven preheated to 420 degrees for 30 minutes.\nRemove cover and bake an additional 15 minutes.\n\nLet cool completely on rack.",
        "Notes": "You can substitute whole wheat flour with rye or white flour for different tasty versions of this bread"
    }
]